{"cameraMode":{"drawMode":0,"name":"Shaded","section":"Shading Mode"},"sceneLighting":true,"audioPlay":false,"sceneViewState":{"m_AlwaysRefresh":false,"showFog":true,"showSkybox":true,"showFlares":true,"showImageEffects":true,"showParticleSystems":true,"showVisualEffectGraphs":true,"m_FxEnabled":true},"in2DMode":false,"pivot":{"x":-9.871397972106934,"y":117.55340576171875,"z":-104.7313461303711},"rotation":{"x":-0.24963922798633576,"y":-0.0008731137495487928,"z":0.00022646425350103527,"w":-0.9683294296264648},"size":0.00684021133929491,"orthographic":false}